unix_ts,namespace,pod,cpu_m,mem_mib
1782366227,tc-26-6-2-4-7,osmo-hlr-546bdb8988-dhqsq,6,2
1782366230,tc-26-6-2-4-7,osmo-hlr-546bdb8988-dhqsq,6,2
1782366234,tc-26-6-2-4-7,osmo-hlr-546bdb8988-dhqsq,6,2
1782366237,tc-26-6-2-4-7,osmo-hlr-546bdb8988-dhqsq,6,2
1782366240,tc-26-6-2-4-7,osmo-bsc-594654bd47-6cmzn,5,5
1782366240,tc-26-6-2-4-7,osmo-hlr-546bdb8988-dhqsq,1,2
1782366240,tc-26-6-2-4-7,osmo-mgw-8c8fc67d6-twlph,1,2
1782366240,tc-26-6-2-4-7,osmo-mobile-7748f65c9f-97xk2,19,28
1782366240,tc-26-6-2-4-7,osmo-stp-768687f494-9klsx,1,2
1782366240,tc-26-6-2-4-7,virtphy-55bb97df9d-bkzkq,7,1
1782366243,tc-26-6-2-4-7,osmo-bsc-594654bd47-6cmzn,5,5
1782366243,tc-26-6-2-4-7,osmo-hlr-546bdb8988-dhqsq,1,2
1782366243,tc-26-6-2-4-7,osmo-mgw-8c8fc67d6-twlph,1,2
1782366243,tc-26-6-2-4-7,osmo-mobile-7748f65c9f-97xk2,19,28
1782366243,tc-26-6-2-4-7,osmo-stp-768687f494-9klsx,1,2
1782366243,tc-26-6-2-4-7,virtphy-55bb97df9d-bkzkq,7,1
1782366246,tc-26-6-2-4-7,osmo-bsc-594654bd47-6cmzn,5,5
1782366246,tc-26-6-2-4-7,osmo-hlr-546bdb8988-dhqsq,1,2
1782366246,tc-26-6-2-4-7,osmo-mgw-8c8fc67d6-twlph,1,2
1782366246,tc-26-6-2-4-7,osmo-mobile-7748f65c9f-97xk2,19,28
1782366246,tc-26-6-2-4-7,osmo-stp-768687f494-9klsx,1,2
1782366246,tc-26-6-2-4-7,virtphy-55bb97df9d-bkzkq,7,1
1782366249,tc-26-6-2-4-7,osmo-bsc-594654bd47-6cmzn,5,5
1782366249,tc-26-6-2-4-7,osmo-hlr-546bdb8988-dhqsq,1,2
1782366249,tc-26-6-2-4-7,osmo-mgw-8c8fc67d6-twlph,1,2
1782366249,tc-26-6-2-4-7,osmo-mobile-7748f65c9f-97xk2,19,28
1782366249,tc-26-6-2-4-7,osmo-stp-768687f494-9klsx,1,2
1782366249,tc-26-6-2-4-7,virtphy-55bb97df9d-bkzkq,7,1
1782366252,tc-26-6-2-4-7,msc-test-stub-5b875d749d-4zvvb,12,16
1782366252,tc-26-6-2-4-7,osmo-bsc-594654bd47-6cmzn,1,5
1782366252,tc-26-6-2-4-7,osmo-bts-virtual-5f8b9b86fc-mr99w,34,5
1782366252,tc-26-6-2-4-7,osmo-hlr-546bdb8988-dhqsq,1,2
1782366252,tc-26-6-2-4-7,osmo-mgw-8c8fc67d6-twlph,1,2
1782366252,tc-26-6-2-4-7,osmo-mobile-7748f65c9f-97xk2,3,28
1782366252,tc-26-6-2-4-7,osmo-stp-768687f494-9klsx,1,2
1782366252,tc-26-6-2-4-7,virtphy-55bb97df9d-bkzkq,9,1
1782366257,tc-26-6-2-4-7,msc-test-stub-5b875d749d-4zvvb,12,16
1782366257,tc-26-6-2-4-7,osmo-bsc-594654bd47-6cmzn,1,5
1782366257,tc-26-6-2-4-7,osmo-bts-virtual-5f8b9b86fc-mr99w,34,5
1782366257,tc-26-6-2-4-7,osmo-hlr-546bdb8988-dhqsq,1,2
1782366257,tc-26-6-2-4-7,osmo-mgw-8c8fc67d6-twlph,1,2
1782366257,tc-26-6-2-4-7,osmo-mobile-7748f65c9f-97xk2,3,28
1782366257,tc-26-6-2-4-7,osmo-stp-768687f494-9klsx,1,2
1782366257,tc-26-6-2-4-7,virtphy-55bb97df9d-bkzkq,9,1
1782366262,tc-26-6-2-4-7,msc-test-stub-5b875d749d-4zvvb,12,16
1782366262,tc-26-6-2-4-7,osmo-bsc-594654bd47-6cmzn,1,5
1782366262,tc-26-6-2-4-7,osmo-bts-virtual-5f8b9b86fc-mr99w,34,5
1782366262,tc-26-6-2-4-7,osmo-hlr-546bdb8988-dhqsq,1,2
1782366262,tc-26-6-2-4-7,osmo-mgw-8c8fc67d6-twlph,1,2
1782366262,tc-26-6-2-4-7,osmo-mobile-7748f65c9f-97xk2,3,28
1782366262,tc-26-6-2-4-7,osmo-stp-768687f494-9klsx,1,2
1782366262,tc-26-6-2-4-7,virtphy-55bb97df9d-bkzkq,9,1
1782366265,tc-26-6-2-4-7,msc-test-stub-5b875d749d-4zvvb,12,16
1782366265,tc-26-6-2-4-7,osmo-bsc-594654bd47-6cmzn,1,5
1782366265,tc-26-6-2-4-7,osmo-bts-virtual-5f8b9b86fc-mr99w,34,5
1782366265,tc-26-6-2-4-7,osmo-hlr-546bdb8988-dhqsq,1,2
1782366265,tc-26-6-2-4-7,osmo-mgw-8c8fc67d6-twlph,1,2
1782366265,tc-26-6-2-4-7,osmo-mobile-7748f65c9f-97xk2,3,28
1782366265,tc-26-6-2-4-7,osmo-stp-768687f494-9klsx,1,2
1782366265,tc-26-6-2-4-7,virtphy-55bb97df9d-bkzkq,9,1
1782366269,tc-26-6-2-4-7,msc-test-stub-5b875d749d-4zvvb,12,16
1782366269,tc-26-6-2-4-7,osmo-bsc-594654bd47-6cmzn,1,5
1782366269,tc-26-6-2-4-7,osmo-bts-virtual-5f8b9b86fc-mr99w,34,5
1782366269,tc-26-6-2-4-7,osmo-hlr-546bdb8988-dhqsq,1,2
1782366269,tc-26-6-2-4-7,osmo-mgw-8c8fc67d6-twlph,1,2
1782366269,tc-26-6-2-4-7,osmo-mobile-7748f65c9f-97xk2,3,28
1782366269,tc-26-6-2-4-7,osmo-stp-768687f494-9klsx,1,2
1782366269,tc-26-6-2-4-7,virtphy-55bb97df9d-bkzkq,9,1
1782366272,tc-26-6-2-4-7,msc-test-stub-5b875d749d-4zvvb,2,16
1782366272,tc-26-6-2-4-7,osmo-bsc-594654bd47-6cmzn,1,5
1782366272,tc-26-6-2-4-7,osmo-bts-virtual-5f8b9b86fc-mr99w,34,5
1782366272,tc-26-6-2-4-7,osmo-hlr-546bdb8988-dhqsq,1,2
1782366272,tc-26-6-2-4-7,osmo-mgw-8c8fc67d6-twlph,1,2
1782366272,tc-26-6-2-4-7,osmo-mobile-7748f65c9f-97xk2,4,28
1782366272,tc-26-6-2-4-7,osmo-stp-768687f494-9klsx,1,2
1782366272,tc-26-6-2-4-7,virtphy-55bb97df9d-bkzkq,7,1
1782366276,tc-26-6-2-4-7,msc-test-stub-5b875d749d-4zvvb,2,16
1782366276,tc-26-6-2-4-7,osmo-bsc-594654bd47-6cmzn,1,5
1782366276,tc-26-6-2-4-7,osmo-bts-virtual-5f8b9b86fc-mr99w,34,5
1782366276,tc-26-6-2-4-7,osmo-hlr-546bdb8988-dhqsq,1,2
1782366276,tc-26-6-2-4-7,osmo-mgw-8c8fc67d6-twlph,1,2
1782366276,tc-26-6-2-4-7,osmo-mobile-7748f65c9f-97xk2,4,28
1782366276,tc-26-6-2-4-7,osmo-stp-768687f494-9klsx,1,2
1782366276,tc-26-6-2-4-7,virtphy-55bb97df9d-bkzkq,7,1
1782366278,tc-26-6-2-4-7,msc-test-stub-5b875d749d-4zvvb,2,16
1782366278,tc-26-6-2-4-7,osmo-bsc-594654bd47-6cmzn,1,5
1782366278,tc-26-6-2-4-7,osmo-bts-virtual-5f8b9b86fc-mr99w,34,5
1782366278,tc-26-6-2-4-7,osmo-hlr-546bdb8988-dhqsq,1,2
1782366278,tc-26-6-2-4-7,osmo-mgw-8c8fc67d6-twlph,1,2
1782366278,tc-26-6-2-4-7,osmo-mobile-7748f65c9f-97xk2,4,28
1782366278,tc-26-6-2-4-7,osmo-stp-768687f494-9klsx,1,2
1782366278,tc-26-6-2-4-7,virtphy-55bb97df9d-bkzkq,7,1
1782366281,tc-26-6-2-4-7,msc-test-stub-5b875d749d-4zvvb,2,16
1782366281,tc-26-6-2-4-7,osmo-bsc-594654bd47-6cmzn,1,5
1782366281,tc-26-6-2-4-7,osmo-bts-virtual-5f8b9b86fc-mr99w,34,5
1782366281,tc-26-6-2-4-7,osmo-hlr-546bdb8988-dhqsq,1,2
1782366281,tc-26-6-2-4-7,osmo-mgw-8c8fc67d6-twlph,1,2
1782366281,tc-26-6-2-4-7,osmo-mobile-7748f65c9f-97xk2,4,28
1782366281,tc-26-6-2-4-7,osmo-stp-768687f494-9klsx,1,2
1782366281,tc-26-6-2-4-7,virtphy-55bb97df9d-bkzkq,7,1
1782366283,tc-26-6-2-4-7,msc-test-stub-5b875d749d-4zvvb,1,16
1782366283,tc-26-6-2-4-7,osmo-bsc-594654bd47-6cmzn,1,5
1782366283,tc-26-6-2-4-7,osmo-bts-virtual-5f8b9b86fc-mr99w,30,5
1782366283,tc-26-6-2-4-7,osmo-hlr-546bdb8988-dhqsq,1,2
1782366283,tc-26-6-2-4-7,osmo-mgw-8c8fc67d6-twlph,1,2
1782366283,tc-26-6-2-4-7,osmo-mobile-7748f65c9f-97xk2,3,28
1782366283,tc-26-6-2-4-7,osmo-stp-768687f494-9klsx,1,2
1782366283,tc-26-6-2-4-7,virtphy-55bb97df9d-bkzkq,8,1
1782366286,tc-26-6-2-4-7,msc-test-stub-5b875d749d-4zvvb,1,16
1782366286,tc-26-6-2-4-7,osmo-bsc-594654bd47-6cmzn,1,5
1782366286,tc-26-6-2-4-7,osmo-bts-virtual-5f8b9b86fc-mr99w,30,5
1782366286,tc-26-6-2-4-7,osmo-hlr-546bdb8988-dhqsq,1,2
1782366286,tc-26-6-2-4-7,osmo-mgw-8c8fc67d6-twlph,1,2
1782366286,tc-26-6-2-4-7,osmo-mobile-7748f65c9f-97xk2,3,28
1782366286,tc-26-6-2-4-7,osmo-stp-768687f494-9klsx,1,2
1782366286,tc-26-6-2-4-7,virtphy-55bb97df9d-bkzkq,8,1
1782366288,tc-26-6-2-4-7,msc-test-stub-5b875d749d-4zvvb,1,16
1782366288,tc-26-6-2-4-7,osmo-bsc-594654bd47-6cmzn,1,5
1782366288,tc-26-6-2-4-7,osmo-bts-virtual-5f8b9b86fc-mr99w,30,5
1782366288,tc-26-6-2-4-7,osmo-hlr-546bdb8988-dhqsq,1,2
1782366288,tc-26-6-2-4-7,osmo-mgw-8c8fc67d6-twlph,1,2
1782366288,tc-26-6-2-4-7,osmo-mobile-7748f65c9f-97xk2,3,28
1782366288,tc-26-6-2-4-7,osmo-stp-768687f494-9klsx,1,2
1782366288,tc-26-6-2-4-7,virtphy-55bb97df9d-bkzkq,8,1
1782366290,tc-26-6-2-4-7,msc-test-stub-5b875d749d-4zvvb,1,16
1782366290,tc-26-6-2-4-7,osmo-bsc-594654bd47-6cmzn,1,5
1782366290,tc-26-6-2-4-7,osmo-bts-virtual-5f8b9b86fc-mr99w,30,5
1782366290,tc-26-6-2-4-7,osmo-hlr-546bdb8988-dhqsq,1,2
1782366290,tc-26-6-2-4-7,osmo-mgw-8c8fc67d6-twlph,1,2
1782366290,tc-26-6-2-4-7,osmo-mobile-7748f65c9f-97xk2,3,28
1782366290,tc-26-6-2-4-7,osmo-stp-768687f494-9klsx,1,2
1782366290,tc-26-6-2-4-7,virtphy-55bb97df9d-bkzkq,8,1
1782366293,tc-26-6-2-4-7,msc-test-stub-5b875d749d-4zvvb,1,16
1782366293,tc-26-6-2-4-7,osmo-bsc-594654bd47-6cmzn,1,5
1782366293,tc-26-6-2-4-7,osmo-bts-virtual-5f8b9b86fc-mr99w,30,5
1782366293,tc-26-6-2-4-7,osmo-hlr-546bdb8988-dhqsq,1,2
1782366293,tc-26-6-2-4-7,osmo-mgw-8c8fc67d6-twlph,1,2
1782366293,tc-26-6-2-4-7,osmo-mobile-7748f65c9f-97xk2,3,28
1782366293,tc-26-6-2-4-7,osmo-stp-768687f494-9klsx,1,2
1782366293,tc-26-6-2-4-7,virtphy-55bb97df9d-bkzkq,8,1
1782366296,tc-26-6-2-4-7,msc-test-stub-5b875d749d-4zvvb,1,16
1782366296,tc-26-6-2-4-7,osmo-bsc-594654bd47-6cmzn,1,5
1782366296,tc-26-6-2-4-7,osmo-bts-virtual-5f8b9b86fc-mr99w,30,5
1782366296,tc-26-6-2-4-7,osmo-hlr-546bdb8988-dhqsq,1,2
1782366296,tc-26-6-2-4-7,osmo-mgw-8c8fc67d6-twlph,1,2
1782366296,tc-26-6-2-4-7,osmo-mobile-7748f65c9f-97xk2,3,28
1782366296,tc-26-6-2-4-7,osmo-stp-768687f494-9klsx,1,2
1782366296,tc-26-6-2-4-7,virtphy-55bb97df9d-bkzkq,8,1
1782366298,tc-26-6-2-4-7,msc-test-stub-5b875d749d-4zvvb,1,16
1782366298,tc-26-6-2-4-7,osmo-bsc-594654bd47-6cmzn,1,5
1782366298,tc-26-6-2-4-7,osmo-bts-virtual-5f8b9b86fc-mr99w,29,5
1782366298,tc-26-6-2-4-7,osmo-hlr-546bdb8988-dhqsq,1,2
1782366298,tc-26-6-2-4-7,osmo-mgw-8c8fc67d6-twlph,1,2
1782366298,tc-26-6-2-4-7,osmo-mobile-7748f65c9f-97xk2,3,28
1782366298,tc-26-6-2-4-7,osmo-stp-768687f494-9klsx,1,2
1782366298,tc-26-6-2-4-7,ttcn3-tc-26-6-2-4-1-th82t,1,6
1782366298,tc-26-6-2-4-7,virtphy-55bb97df9d-bkzkq,7,1
1782366300,tc-26-6-2-4-7,msc-test-stub-5b875d749d-4zvvb,1,16
1782366300,tc-26-6-2-4-7,osmo-bsc-594654bd47-6cmzn,1,5
1782366300,tc-26-6-2-4-7,osmo-bts-virtual-5f8b9b86fc-mr99w,29,5
1782366300,tc-26-6-2-4-7,osmo-hlr-546bdb8988-dhqsq,1,2
1782366300,tc-26-6-2-4-7,osmo-mgw-8c8fc67d6-twlph,1,2
1782366300,tc-26-6-2-4-7,osmo-mobile-7748f65c9f-97xk2,3,28
1782366300,tc-26-6-2-4-7,osmo-stp-768687f494-9klsx,1,2
1782366300,tc-26-6-2-4-7,ttcn3-tc-26-6-2-4-1-th82t,1,6
1782366300,tc-26-6-2-4-7,virtphy-55bb97df9d-bkzkq,7,1
1782366303,tc-26-6-2-4-7,msc-test-stub-5b875d749d-4zvvb,1,16
1782366303,tc-26-6-2-4-7,osmo-bsc-594654bd47-6cmzn,1,5
1782366303,tc-26-6-2-4-7,osmo-bts-virtual-5f8b9b86fc-mr99w,29,5
1782366303,tc-26-6-2-4-7,osmo-hlr-546bdb8988-dhqsq,1,2
1782366303,tc-26-6-2-4-7,osmo-mgw-8c8fc67d6-twlph,1,2
1782366303,tc-26-6-2-4-7,osmo-mobile-7748f65c9f-97xk2,3,28
1782366303,tc-26-6-2-4-7,osmo-stp-768687f494-9klsx,1,2
1782366303,tc-26-6-2-4-7,ttcn3-tc-26-6-2-4-1-th82t,1,6
1782366303,tc-26-6-2-4-7,virtphy-55bb97df9d-bkzkq,7,1
1782366306,tc-26-6-2-4-7,msc-test-stub-5b875d749d-4zvvb,1,16
1782366306,tc-26-6-2-4-7,osmo-bsc-594654bd47-6cmzn,1,5
1782366306,tc-26-6-2-4-7,osmo-bts-virtual-5f8b9b86fc-mr99w,29,5
1782366306,tc-26-6-2-4-7,osmo-hlr-546bdb8988-dhqsq,1,2
1782366306,tc-26-6-2-4-7,osmo-mgw-8c8fc67d6-twlph,1,2
1782366306,tc-26-6-2-4-7,osmo-mobile-7748f65c9f-97xk2,3,28
1782366306,tc-26-6-2-4-7,osmo-stp-768687f494-9klsx,1,2
1782366306,tc-26-6-2-4-7,ttcn3-tc-26-6-2-4-1-th82t,1,6
1782366306,tc-26-6-2-4-7,virtphy-55bb97df9d-bkzkq,7,1
1782366308,tc-26-6-2-4-7,msc-test-stub-5b875d749d-4zvvb,1,16
1782366308,tc-26-6-2-4-7,osmo-bsc-594654bd47-6cmzn,1,5
1782366308,tc-26-6-2-4-7,osmo-bts-virtual-5f8b9b86fc-mr99w,29,5
1782366308,tc-26-6-2-4-7,osmo-hlr-546bdb8988-dhqsq,1,2
1782366308,tc-26-6-2-4-7,osmo-mgw-8c8fc67d6-twlph,1,2
1782366308,tc-26-6-2-4-7,osmo-mobile-7748f65c9f-97xk2,3,28
1782366308,tc-26-6-2-4-7,osmo-stp-768687f494-9klsx,1,2
1782366308,tc-26-6-2-4-7,ttcn3-tc-26-6-2-4-1-th82t,1,6
1782366308,tc-26-6-2-4-7,virtphy-55bb97df9d-bkzkq,7,1
1782366311,tc-26-6-2-4-7,msc-test-stub-5b875d749d-4zvvb,1,16
1782366311,tc-26-6-2-4-7,osmo-bsc-594654bd47-6cmzn,1,5
1782366311,tc-26-6-2-4-7,osmo-bts-virtual-5f8b9b86fc-mr99w,29,5
1782366311,tc-26-6-2-4-7,osmo-hlr-546bdb8988-dhqsq,1,2
1782366311,tc-26-6-2-4-7,osmo-mgw-8c8fc67d6-twlph,1,2
1782366311,tc-26-6-2-4-7,osmo-mobile-7748f65c9f-97xk2,3,28
1782366311,tc-26-6-2-4-7,osmo-stp-768687f494-9klsx,1,2
1782366311,tc-26-6-2-4-7,ttcn3-tc-26-6-2-4-1-th82t,1,6
1782366311,tc-26-6-2-4-7,virtphy-55bb97df9d-bkzkq,7,1
1782366313,tc-26-6-2-4-7,msc-test-stub-5b875d749d-4zvvb,1,16
1782366313,tc-26-6-2-4-7,osmo-bsc-594654bd47-6cmzn,1,5
1782366313,tc-26-6-2-4-7,osmo-bts-virtual-5f8b9b86fc-mr99w,30,5
1782366313,tc-26-6-2-4-7,osmo-hlr-546bdb8988-dhqsq,1,2
1782366313,tc-26-6-2-4-7,osmo-mgw-8c8fc67d6-twlph,1,2
1782366313,tc-26-6-2-4-7,osmo-mobile-7748f65c9f-97xk2,2,28
1782366313,tc-26-6-2-4-7,osmo-stp-768687f494-9klsx,1,2
1782366313,tc-26-6-2-4-7,ttcn3-tc-26-6-2-4-1-th82t,1,6
1782366313,tc-26-6-2-4-7,virtphy-55bb97df9d-bkzkq,6,1
1782366316,tc-26-6-2-4-7,msc-test-stub-5b875d749d-4zvvb,1,16
1782366316,tc-26-6-2-4-7,osmo-bsc-594654bd47-6cmzn,1,5
1782366316,tc-26-6-2-4-7,osmo-bts-virtual-5f8b9b86fc-mr99w,30,5
1782366316,tc-26-6-2-4-7,osmo-hlr-546bdb8988-dhqsq,1,2
1782366316,tc-26-6-2-4-7,osmo-mgw-8c8fc67d6-twlph,1,2
1782366316,tc-26-6-2-4-7,osmo-mobile-7748f65c9f-97xk2,2,28
1782366316,tc-26-6-2-4-7,osmo-stp-768687f494-9klsx,1,2
1782366316,tc-26-6-2-4-7,ttcn3-tc-26-6-2-4-1-th82t,1,6
1782366316,tc-26-6-2-4-7,virtphy-55bb97df9d-bkzkq,6,1
1782366319,tc-26-6-2-4-7,msc-test-stub-5b875d749d-4zvvb,1,16
1782366319,tc-26-6-2-4-7,osmo-bsc-594654bd47-6cmzn,1,5
1782366319,tc-26-6-2-4-7,osmo-bts-virtual-5f8b9b86fc-mr99w,30,5
1782366319,tc-26-6-2-4-7,osmo-hlr-546bdb8988-dhqsq,1,2
1782366319,tc-26-6-2-4-7,osmo-mgw-8c8fc67d6-twlph,1,2
1782366319,tc-26-6-2-4-7,osmo-mobile-7748f65c9f-97xk2,2,28
1782366319,tc-26-6-2-4-7,osmo-stp-768687f494-9klsx,1,2
1782366319,tc-26-6-2-4-7,ttcn3-tc-26-6-2-4-1-th82t,1,6
1782366319,tc-26-6-2-4-7,virtphy-55bb97df9d-bkzkq,6,1
1782366321,tc-26-6-2-4-7,msc-test-stub-5b875d749d-4zvvb,1,16
1782366321,tc-26-6-2-4-7,osmo-bsc-594654bd47-6cmzn,1,5
1782366321,tc-26-6-2-4-7,osmo-bts-virtual-5f8b9b86fc-mr99w,30,5
1782366321,tc-26-6-2-4-7,osmo-hlr-546bdb8988-dhqsq,1,2
1782366321,tc-26-6-2-4-7,osmo-mgw-8c8fc67d6-twlph,1,2
1782366321,tc-26-6-2-4-7,osmo-mobile-7748f65c9f-97xk2,2,28
1782366321,tc-26-6-2-4-7,osmo-stp-768687f494-9klsx,1,2
1782366321,tc-26-6-2-4-7,ttcn3-tc-26-6-2-4-1-th82t,1,6
1782366321,tc-26-6-2-4-7,virtphy-55bb97df9d-bkzkq,6,1
1782366323,tc-26-6-2-4-7,msc-test-stub-5b875d749d-4zvvb,1,16
1782366323,tc-26-6-2-4-7,osmo-bsc-594654bd47-6cmzn,1,5
1782366323,tc-26-6-2-4-7,osmo-bts-virtual-5f8b9b86fc-mr99w,30,5
1782366323,tc-26-6-2-4-7,osmo-hlr-546bdb8988-dhqsq,1,2
1782366323,tc-26-6-2-4-7,osmo-mgw-8c8fc67d6-twlph,1,2
1782366323,tc-26-6-2-4-7,osmo-mobile-7748f65c9f-97xk2,2,28
1782366323,tc-26-6-2-4-7,osmo-stp-768687f494-9klsx,1,2
1782366323,tc-26-6-2-4-7,ttcn3-tc-26-6-2-4-1-th82t,1,6
1782366323,tc-26-6-2-4-7,virtphy-55bb97df9d-bkzkq,6,1
1782366326,tc-26-6-2-4-7,msc-test-stub-5b875d749d-4zvvb,1,16
1782366326,tc-26-6-2-4-7,osmo-bsc-594654bd47-6cmzn,1,5
1782366326,tc-26-6-2-4-7,osmo-bts-virtual-5f8b9b86fc-mr99w,30,5
1782366326,tc-26-6-2-4-7,osmo-hlr-546bdb8988-dhqsq,1,2
1782366326,tc-26-6-2-4-7,osmo-mgw-8c8fc67d6-twlph,1,2
1782366326,tc-26-6-2-4-7,osmo-mobile-7748f65c9f-97xk2,2,28
1782366326,tc-26-6-2-4-7,osmo-stp-768687f494-9klsx,1,2
1782366326,tc-26-6-2-4-7,ttcn3-tc-26-6-2-4-1-th82t,1,6
1782366326,tc-26-6-2-4-7,virtphy-55bb97df9d-bkzkq,6,1
1782366328,tc-26-6-2-4-7,msc-test-stub-5b875d749d-4zvvb,1,16
1782366328,tc-26-6-2-4-7,osmo-bsc-594654bd47-6cmzn,1,5
1782366328,tc-26-6-2-4-7,osmo-bts-virtual-5f8b9b86fc-mr99w,30,5
1782366328,tc-26-6-2-4-7,osmo-hlr-546bdb8988-dhqsq,1,2
1782366328,tc-26-6-2-4-7,osmo-mgw-8c8fc67d6-twlph,1,2
1782366328,tc-26-6-2-4-7,osmo-mobile-7748f65c9f-97xk2,3,28
1782366328,tc-26-6-2-4-7,osmo-stp-768687f494-9klsx,1,2
1782366328,tc-26-6-2-4-7,ttcn3-tc-26-6-2-4-1-th82t,1,6
1782366328,tc-26-6-2-4-7,virtphy-55bb97df9d-bkzkq,8,1
1782366330,tc-26-6-2-4-7,msc-test-stub-5b875d749d-4zvvb,1,16
1782366330,tc-26-6-2-4-7,osmo-bsc-594654bd47-6cmzn,1,5
1782366330,tc-26-6-2-4-7,osmo-bts-virtual-5f8b9b86fc-mr99w,30,5
1782366330,tc-26-6-2-4-7,osmo-hlr-546bdb8988-dhqsq,1,2
1782366330,tc-26-6-2-4-7,osmo-mgw-8c8fc67d6-twlph,1,2
1782366330,tc-26-6-2-4-7,osmo-mobile-7748f65c9f-97xk2,3,28
1782366330,tc-26-6-2-4-7,osmo-stp-768687f494-9klsx,1,2
1782366330,tc-26-6-2-4-7,ttcn3-tc-26-6-2-4-1-th82t,1,6
1782366330,tc-26-6-2-4-7,virtphy-55bb97df9d-bkzkq,8,1
1782366333,tc-26-6-2-4-7,msc-test-stub-5b875d749d-4zvvb,1,16
1782366333,tc-26-6-2-4-7,osmo-bsc-594654bd47-6cmzn,1,5
1782366333,tc-26-6-2-4-7,osmo-bts-virtual-5f8b9b86fc-mr99w,30,5
1782366333,tc-26-6-2-4-7,osmo-hlr-546bdb8988-dhqsq,1,2
1782366333,tc-26-6-2-4-7,osmo-mgw-8c8fc67d6-twlph,1,2
1782366333,tc-26-6-2-4-7,osmo-mobile-7748f65c9f-97xk2,3,28
1782366333,tc-26-6-2-4-7,osmo-stp-768687f494-9klsx,1,2
1782366333,tc-26-6-2-4-7,ttcn3-tc-26-6-2-4-1-th82t,1,6
1782366333,tc-26-6-2-4-7,virtphy-55bb97df9d-bkzkq,8,1
1782366335,tc-26-6-2-4-7,msc-test-stub-5b875d749d-4zvvb,1,16
1782366335,tc-26-6-2-4-7,osmo-bsc-594654bd47-6cmzn,1,5
1782366335,tc-26-6-2-4-7,osmo-bts-virtual-5f8b9b86fc-mr99w,30,5
1782366335,tc-26-6-2-4-7,osmo-hlr-546bdb8988-dhqsq,1,2
1782366335,tc-26-6-2-4-7,osmo-mgw-8c8fc67d6-twlph,1,2
1782366335,tc-26-6-2-4-7,osmo-mobile-7748f65c9f-97xk2,3,28
1782366335,tc-26-6-2-4-7,osmo-stp-768687f494-9klsx,1,2
1782366335,tc-26-6-2-4-7,ttcn3-tc-26-6-2-4-1-th82t,1,6
1782366335,tc-26-6-2-4-7,virtphy-55bb97df9d-bkzkq,8,1
1782366337,tc-26-6-2-4-7,msc-test-stub-5b875d749d-4zvvb,1,16
1782366337,tc-26-6-2-4-7,osmo-bsc-594654bd47-6cmzn,1,5
1782366337,tc-26-6-2-4-7,osmo-bts-virtual-5f8b9b86fc-mr99w,30,5
1782366337,tc-26-6-2-4-7,osmo-hlr-546bdb8988-dhqsq,1,2
1782366337,tc-26-6-2-4-7,osmo-mgw-8c8fc67d6-twlph,1,2
1782366337,tc-26-6-2-4-7,osmo-mobile-7748f65c9f-97xk2,3,28
1782366337,tc-26-6-2-4-7,osmo-stp-768687f494-9klsx,1,2
1782366337,tc-26-6-2-4-7,ttcn3-tc-26-6-2-4-1-th82t,1,6
1782366337,tc-26-6-2-4-7,virtphy-55bb97df9d-bkzkq,8,1
1782366340,tc-26-6-2-4-7,msc-test-stub-5b875d749d-4zvvb,1,16
1782366340,tc-26-6-2-4-7,osmo-bsc-594654bd47-6cmzn,1,5
1782366340,tc-26-6-2-4-7,osmo-bts-virtual-5f8b9b86fc-mr99w,30,5
1782366340,tc-26-6-2-4-7,osmo-hlr-546bdb8988-dhqsq,1,2
1782366340,tc-26-6-2-4-7,osmo-mgw-8c8fc67d6-twlph,1,2
1782366340,tc-26-6-2-4-7,osmo-mobile-7748f65c9f-97xk2,3,28
1782366340,tc-26-6-2-4-7,osmo-stp-768687f494-9klsx,1,2
1782366340,tc-26-6-2-4-7,ttcn3-tc-26-6-2-4-1-th82t,1,6
1782366340,tc-26-6-2-4-7,virtphy-55bb97df9d-bkzkq,8,1
1782366342,tc-26-6-2-4-7,msc-test-stub-5b875d749d-4zvvb,1,16
1782366342,tc-26-6-2-4-7,osmo-bsc-594654bd47-6cmzn,1,5
1782366342,tc-26-6-2-4-7,osmo-bts-virtual-5f8b9b86fc-mr99w,30,5
1782366342,tc-26-6-2-4-7,osmo-hlr-546bdb8988-dhqsq,1,2
1782366342,tc-26-6-2-4-7,osmo-mgw-8c8fc67d6-twlph,1,2
1782366342,tc-26-6-2-4-7,osmo-mobile-7748f65c9f-97xk2,3,28
1782366342,tc-26-6-2-4-7,osmo-stp-768687f494-9klsx,1,2
1782366342,tc-26-6-2-4-7,ttcn3-tc-26-6-2-4-1-th82t,1,6
1782366342,tc-26-6-2-4-7,virtphy-55bb97df9d-bkzkq,8,1
1782366345,tc-26-6-2-4-7,msc-test-stub-5b875d749d-4zvvb,1,16
1782366345,tc-26-6-2-4-7,osmo-bsc-594654bd47-6cmzn,1,5
1782366345,tc-26-6-2-4-7,osmo-bts-virtual-5f8b9b86fc-mr99w,35,5
1782366345,tc-26-6-2-4-7,osmo-hlr-546bdb8988-dhqsq,1,2
1782366345,tc-26-6-2-4-7,osmo-mgw-8c8fc67d6-twlph,1,2
1782366345,tc-26-6-2-4-7,osmo-mobile-7748f65c9f-97xk2,3,28
1782366345,tc-26-6-2-4-7,osmo-stp-768687f494-9klsx,1,2
1782366345,tc-26-6-2-4-7,ttcn3-tc-26-6-2-4-1-th82t,1,6
1782366345,tc-26-6-2-4-7,virtphy-55bb97df9d-bkzkq,7,1
1782366347,tc-26-6-2-4-7,msc-test-stub-5b875d749d-4zvvb,1,16
1782366347,tc-26-6-2-4-7,osmo-bsc-594654bd47-6cmzn,1,5
1782366347,tc-26-6-2-4-7,osmo-bts-virtual-5f8b9b86fc-mr99w,35,5
1782366347,tc-26-6-2-4-7,osmo-hlr-546bdb8988-dhqsq,1,2
1782366347,tc-26-6-2-4-7,osmo-mgw-8c8fc67d6-twlph,1,2
1782366347,tc-26-6-2-4-7,osmo-mobile-7748f65c9f-97xk2,3,28
1782366347,tc-26-6-2-4-7,osmo-stp-768687f494-9klsx,1,2
1782366347,tc-26-6-2-4-7,ttcn3-tc-26-6-2-4-1-th82t,1,6
1782366347,tc-26-6-2-4-7,virtphy-55bb97df9d-bkzkq,7,1
1782366350,tc-26-6-2-4-7,msc-test-stub-5b875d749d-4zvvb,1,16
1782366350,tc-26-6-2-4-7,osmo-bsc-594654bd47-6cmzn,1,5
1782366350,tc-26-6-2-4-7,osmo-bts-virtual-5f8b9b86fc-mr99w,35,5
1782366350,tc-26-6-2-4-7,osmo-hlr-546bdb8988-dhqsq,1,2
1782366350,tc-26-6-2-4-7,osmo-mgw-8c8fc67d6-twlph,1,2
1782366350,tc-26-6-2-4-7,osmo-mobile-7748f65c9f-97xk2,3,28
1782366350,tc-26-6-2-4-7,osmo-stp-768687f494-9klsx,1,2
1782366350,tc-26-6-2-4-7,ttcn3-tc-26-6-2-4-1-th82t,1,6
1782366350,tc-26-6-2-4-7,virtphy-55bb97df9d-bkzkq,7,1
1782366352,tc-26-6-2-4-7,msc-test-stub-5b875d749d-4zvvb,1,16
1782366352,tc-26-6-2-4-7,osmo-bsc-594654bd47-6cmzn,1,5
1782366352,tc-26-6-2-4-7,osmo-bts-virtual-5f8b9b86fc-mr99w,35,5
1782366352,tc-26-6-2-4-7,osmo-hlr-546bdb8988-dhqsq,1,2
1782366352,tc-26-6-2-4-7,osmo-mgw-8c8fc67d6-twlph,1,2
1782366352,tc-26-6-2-4-7,osmo-mobile-7748f65c9f-97xk2,3,28
1782366352,tc-26-6-2-4-7,osmo-stp-768687f494-9klsx,1,2
1782366352,tc-26-6-2-4-7,ttcn3-tc-26-6-2-4-1-th82t,1,6
1782366352,tc-26-6-2-4-7,virtphy-55bb97df9d-bkzkq,7,1
1782366355,tc-26-6-2-4-7,msc-test-stub-5b875d749d-4zvvb,1,16
1782366355,tc-26-6-2-4-7,osmo-bsc-594654bd47-6cmzn,1,5
1782366355,tc-26-6-2-4-7,osmo-bts-virtual-5f8b9b86fc-mr99w,35,5
1782366355,tc-26-6-2-4-7,osmo-hlr-546bdb8988-dhqsq,1,2
1782366355,tc-26-6-2-4-7,osmo-mgw-8c8fc67d6-twlph,1,2
1782366355,tc-26-6-2-4-7,osmo-mobile-7748f65c9f-97xk2,3,28
1782366355,tc-26-6-2-4-7,osmo-stp-768687f494-9klsx,1,2
1782366355,tc-26-6-2-4-7,ttcn3-tc-26-6-2-4-1-th82t,1,6
1782366355,tc-26-6-2-4-7,virtphy-55bb97df9d-bkzkq,7,1
1782366358,tc-26-6-2-4-7,msc-test-stub-5b875d749d-4zvvb,1,16
1782366358,tc-26-6-2-4-7,osmo-bsc-594654bd47-6cmzn,1,5
1782366358,tc-26-6-2-4-7,osmo-bts-virtual-5f8b9b86fc-mr99w,38,5
1782366358,tc-26-6-2-4-7,osmo-hlr-546bdb8988-dhqsq,1,2
1782366358,tc-26-6-2-4-7,osmo-mgw-8c8fc67d6-twlph,1,2
1782366358,tc-26-6-2-4-7,osmo-mobile-7748f65c9f-97xk2,2,28
1782366358,tc-26-6-2-4-7,osmo-stp-768687f494-9klsx,1,2
1782366358,tc-26-6-2-4-7,ttcn3-tc-26-6-2-4-1-th82t,1,6
1782366358,tc-26-6-2-4-7,virtphy-55bb97df9d-bkzkq,8,1
1782366361,tc-26-6-2-4-7,msc-test-stub-5b875d749d-4zvvb,1,16
1782366361,tc-26-6-2-4-7,osmo-bsc-594654bd47-6cmzn,1,5
1782366361,tc-26-6-2-4-7,osmo-bts-virtual-5f8b9b86fc-mr99w,38,5
1782366361,tc-26-6-2-4-7,osmo-hlr-546bdb8988-dhqsq,1,2
1782366361,tc-26-6-2-4-7,osmo-mgw-8c8fc67d6-twlph,1,2
1782366361,tc-26-6-2-4-7,osmo-mobile-7748f65c9f-97xk2,2,28
1782366361,tc-26-6-2-4-7,osmo-stp-768687f494-9klsx,1,2
1782366361,tc-26-6-2-4-7,ttcn3-tc-26-6-2-4-1-th82t,1,6
1782366361,tc-26-6-2-4-7,virtphy-55bb97df9d-bkzkq,8,1
1782366367,tc-26-6-2-4-7,msc-test-stub-5b875d749d-4zvvb,1,16
1782366367,tc-26-6-2-4-7,osmo-bsc-594654bd47-6cmzn,1,5
1782366367,tc-26-6-2-4-7,osmo-bts-virtual-5f8b9b86fc-mr99w,38,5
1782366367,tc-26-6-2-4-7,osmo-hlr-546bdb8988-dhqsq,1,2
1782366367,tc-26-6-2-4-7,osmo-mgw-8c8fc67d6-twlph,1,2
1782366367,tc-26-6-2-4-7,osmo-mobile-7748f65c9f-97xk2,2,28
1782366367,tc-26-6-2-4-7,osmo-stp-768687f494-9klsx,1,2
1782366367,tc-26-6-2-4-7,ttcn3-tc-26-6-2-4-1-th82t,1,6
1782366367,tc-26-6-2-4-7,virtphy-55bb97df9d-bkzkq,8,1
1782366371,tc-26-6-2-4-7,msc-test-stub-5b875d749d-4zvvb,1,16
1782366371,tc-26-6-2-4-7,osmo-bsc-594654bd47-6cmzn,1,5
1782366371,tc-26-6-2-4-7,osmo-bts-virtual-5f8b9b86fc-mr99w,38,5
1782366371,tc-26-6-2-4-7,osmo-hlr-546bdb8988-dhqsq,1,2
1782366371,tc-26-6-2-4-7,osmo-mgw-8c8fc67d6-twlph,1,2
1782366371,tc-26-6-2-4-7,osmo-mobile-7748f65c9f-97xk2,2,28
1782366371,tc-26-6-2-4-7,osmo-stp-768687f494-9klsx,1,2
1782366371,tc-26-6-2-4-7,ttcn3-tc-26-6-2-4-1-th82t,1,6
1782366371,tc-26-6-2-4-7,virtphy-55bb97df9d-bkzkq,8,1
1782366374,tc-26-6-2-4-7,msc-test-stub-5b875d749d-4zvvb,1,16
1782366374,tc-26-6-2-4-7,osmo-bsc-594654bd47-6cmzn,1,5
1782366374,tc-26-6-2-4-7,osmo-bts-virtual-5f8b9b86fc-mr99w,32,5
1782366374,tc-26-6-2-4-7,osmo-hlr-546bdb8988-dhqsq,1,2
1782366374,tc-26-6-2-4-7,osmo-mgw-8c8fc67d6-twlph,1,2
1782366374,tc-26-6-2-4-7,osmo-mobile-7748f65c9f-97xk2,3,28
1782366374,tc-26-6-2-4-7,osmo-stp-768687f494-9klsx,1,2
1782366374,tc-26-6-2-4-7,ttcn3-tc-26-6-2-4-1-th82t,1,6
1782366374,tc-26-6-2-4-7,virtphy-55bb97df9d-bkzkq,8,1
1782366378,tc-26-6-2-4-7,msc-test-stub-5b875d749d-4zvvb,1,16
1782366378,tc-26-6-2-4-7,osmo-bsc-594654bd47-6cmzn,1,5
1782366378,tc-26-6-2-4-7,osmo-bts-virtual-5f8b9b86fc-mr99w,32,5
1782366378,tc-26-6-2-4-7,osmo-hlr-546bdb8988-dhqsq,1,2
1782366378,tc-26-6-2-4-7,osmo-mgw-8c8fc67d6-twlph,1,2
1782366378,tc-26-6-2-4-7,osmo-mobile-7748f65c9f-97xk2,3,28
1782366378,tc-26-6-2-4-7,osmo-stp-768687f494-9klsx,1,2
1782366378,tc-26-6-2-4-7,ttcn3-tc-26-6-2-4-1-th82t,1,6
1782366378,tc-26-6-2-4-7,virtphy-55bb97df9d-bkzkq,8,1
1782366383,tc-26-6-2-4-7,msc-test-stub-5b875d749d-4zvvb,1,16
1782366383,tc-26-6-2-4-7,osmo-bsc-594654bd47-6cmzn,1,5
1782366383,tc-26-6-2-4-7,osmo-bts-virtual-5f8b9b86fc-mr99w,32,5
1782366383,tc-26-6-2-4-7,osmo-hlr-546bdb8988-dhqsq,1,2
1782366383,tc-26-6-2-4-7,osmo-mgw-8c8fc67d6-twlph,1,2
1782366383,tc-26-6-2-4-7,osmo-mobile-7748f65c9f-97xk2,3,28
1782366383,tc-26-6-2-4-7,osmo-stp-768687f494-9klsx,1,2
1782366383,tc-26-6-2-4-7,ttcn3-tc-26-6-2-4-1-th82t,1,6
1782366383,tc-26-6-2-4-7,virtphy-55bb97df9d-bkzkq,8,1
1782366389,tc-26-6-2-4-7,msc-test-stub-5b875d749d-4zvvb,1,16
1782366389,tc-26-6-2-4-7,osmo-bsc-594654bd47-6cmzn,1,5
1782366389,tc-26-6-2-4-7,osmo-bts-virtual-5f8b9b86fc-mr99w,28,5
1782366389,tc-26-6-2-4-7,osmo-hlr-546bdb8988-dhqsq,1,2
1782366389,tc-26-6-2-4-7,osmo-mgw-8c8fc67d6-twlph,1,2
1782366389,tc-26-6-2-4-7,osmo-mobile-7748f65c9f-97xk2,2,28
1782366389,tc-26-6-2-4-7,osmo-stp-768687f494-9klsx,1,2
1782366389,tc-26-6-2-4-7,ttcn3-tc-26-6-2-4-1-th82t,1,6
1782366389,tc-26-6-2-4-7,virtphy-55bb97df9d-bkzkq,7,1
1782366393,tc-26-6-2-4-7,msc-test-stub-5b875d749d-4zvvb,1,16
1782366393,tc-26-6-2-4-7,osmo-bsc-594654bd47-6cmzn,1,5
1782366393,tc-26-6-2-4-7,osmo-bts-virtual-5f8b9b86fc-mr99w,28,5
1782366393,tc-26-6-2-4-7,osmo-hlr-546bdb8988-dhqsq,1,2
1782366393,tc-26-6-2-4-7,osmo-mgw-8c8fc67d6-twlph,1,2
1782366393,tc-26-6-2-4-7,osmo-mobile-7748f65c9f-97xk2,2,28
1782366393,tc-26-6-2-4-7,osmo-stp-768687f494-9klsx,1,2
1782366393,tc-26-6-2-4-7,ttcn3-tc-26-6-2-4-1-th82t,1,6
1782366393,tc-26-6-2-4-7,virtphy-55bb97df9d-bkzkq,7,1
1782366401,tc-26-6-2-4-7,msc-test-stub-5b875d749d-4zvvb,1,16
1782366401,tc-26-6-2-4-7,osmo-bsc-594654bd47-6cmzn,1,5
1782366401,tc-26-6-2-4-7,osmo-bts-virtual-5f8b9b86fc-mr99w,28,5
1782366401,tc-26-6-2-4-7,osmo-hlr-546bdb8988-dhqsq,1,2
1782366401,tc-26-6-2-4-7,osmo-mgw-8c8fc67d6-twlph,1,2
1782366401,tc-26-6-2-4-7,osmo-mobile-7748f65c9f-97xk2,2,28
1782366401,tc-26-6-2-4-7,osmo-stp-768687f494-9klsx,1,2
1782366401,tc-26-6-2-4-7,ttcn3-tc-26-6-2-4-1-th82t,1,6
1782366401,tc-26-6-2-4-7,virtphy-55bb97df9d-bkzkq,7,1
1782366405,tc-26-6-2-4-7,msc-test-stub-5b875d749d-4zvvb,1,16
1782366405,tc-26-6-2-4-7,osmo-bsc-594654bd47-6cmzn,1,5
1782366405,tc-26-6-2-4-7,osmo-bts-virtual-5f8b9b86fc-mr99w,29,5
1782366405,tc-26-6-2-4-7,osmo-hlr-546bdb8988-dhqsq,1,2
1782366405,tc-26-6-2-4-7,osmo-mgw-8c8fc67d6-twlph,1,2
1782366405,tc-26-6-2-4-7,osmo-mobile-7748f65c9f-97xk2,3,28
1782366405,tc-26-6-2-4-7,osmo-stp-768687f494-9klsx,1,2
1782366405,tc-26-6-2-4-7,ttcn3-tc-26-6-2-4-1-th82t,1,7
1782366405,tc-26-6-2-4-7,virtphy-55bb97df9d-bkzkq,8,1
1782366409,tc-26-6-2-4-7,msc-test-stub-5b875d749d-4zvvb,1,16
1782366409,tc-26-6-2-4-7,osmo-bsc-594654bd47-6cmzn,1,5
1782366409,tc-26-6-2-4-7,osmo-bts-virtual-5f8b9b86fc-mr99w,29,5
1782366409,tc-26-6-2-4-7,osmo-hlr-546bdb8988-dhqsq,1,2
1782366409,tc-26-6-2-4-7,osmo-mgw-8c8fc67d6-twlph,1,2
1782366409,tc-26-6-2-4-7,osmo-mobile-7748f65c9f-97xk2,3,28
1782366409,tc-26-6-2-4-7,osmo-stp-768687f494-9klsx,1,2
1782366409,tc-26-6-2-4-7,ttcn3-tc-26-6-2-4-1-th82t,1,7
1782366409,tc-26-6-2-4-7,virtphy-55bb97df9d-bkzkq,8,1
1782366413,tc-26-6-2-4-7,msc-test-stub-5b875d749d-4zvvb,1,16
1782366413,tc-26-6-2-4-7,osmo-bsc-594654bd47-6cmzn,1,5
1782366413,tc-26-6-2-4-7,osmo-bts-virtual-5f8b9b86fc-mr99w,29,5
1782366413,tc-26-6-2-4-7,osmo-hlr-546bdb8988-dhqsq,1,2
1782366413,tc-26-6-2-4-7,osmo-mgw-8c8fc67d6-twlph,1,2
1782366413,tc-26-6-2-4-7,osmo-mobile-7748f65c9f-97xk2,3,28
1782366413,tc-26-6-2-4-7,osmo-stp-768687f494-9klsx,1,2
1782366413,tc-26-6-2-4-7,ttcn3-tc-26-6-2-4-1-th82t,1,7
1782366413,tc-26-6-2-4-7,virtphy-55bb97df9d-bkzkq,8,1
1782366416,tc-26-6-2-4-7,msc-test-stub-5b875d749d-4zvvb,1,16
1782366416,tc-26-6-2-4-7,osmo-bsc-594654bd47-6cmzn,1,5
1782366416,tc-26-6-2-4-7,osmo-bts-virtual-5f8b9b86fc-mr99w,29,5
1782366416,tc-26-6-2-4-7,osmo-hlr-546bdb8988-dhqsq,1,2
1782366416,tc-26-6-2-4-7,osmo-mgw-8c8fc67d6-twlph,1,2
1782366416,tc-26-6-2-4-7,osmo-mobile-7748f65c9f-97xk2,3,28
1782366416,tc-26-6-2-4-7,osmo-stp-768687f494-9klsx,1,2
1782366416,tc-26-6-2-4-7,ttcn3-tc-26-6-2-4-1-th82t,1,7
1782366416,tc-26-6-2-4-7,virtphy-55bb97df9d-bkzkq,8,1
1782366418,tc-26-6-2-4-7,msc-test-stub-5b875d749d-4zvvb,1,16
1782366418,tc-26-6-2-4-7,osmo-bsc-594654bd47-6cmzn,1,5
1782366418,tc-26-6-2-4-7,osmo-bts-virtual-5f8b9b86fc-mr99w,25,5
1782366418,tc-26-6-2-4-7,osmo-hlr-546bdb8988-dhqsq,1,2
1782366418,tc-26-6-2-4-7,osmo-mgw-8c8fc67d6-twlph,1,2
1782366418,tc-26-6-2-4-7,osmo-mobile-7748f65c9f-97xk2,3,28
1782366418,tc-26-6-2-4-7,osmo-stp-768687f494-9klsx,1,2
1782366418,tc-26-6-2-4-7,ttcn3-tc-26-6-2-4-1-th82t,2,7
1782366418,tc-26-6-2-4-7,virtphy-55bb97df9d-bkzkq,8,1
1782366423,tc-26-6-2-4-7,msc-test-stub-5b875d749d-4zvvb,1,16
1782366423,tc-26-6-2-4-7,osmo-bsc-594654bd47-6cmzn,1,5
1782366423,tc-26-6-2-4-7,osmo-bts-virtual-5f8b9b86fc-mr99w,25,5
1782366423,tc-26-6-2-4-7,osmo-hlr-546bdb8988-dhqsq,1,2
1782366423,tc-26-6-2-4-7,osmo-mgw-8c8fc67d6-twlph,1,2
1782366423,tc-26-6-2-4-7,osmo-mobile-7748f65c9f-97xk2,3,28
1782366423,tc-26-6-2-4-7,osmo-stp-768687f494-9klsx,1,2
1782366423,tc-26-6-2-4-7,ttcn3-tc-26-6-2-4-1-th82t,2,7
1782366423,tc-26-6-2-4-7,virtphy-55bb97df9d-bkzkq,8,1
1782366427,tc-26-6-2-4-7,msc-test-stub-5b875d749d-4zvvb,1,16
1782366427,tc-26-6-2-4-7,osmo-bsc-594654bd47-6cmzn,1,5
1782366427,tc-26-6-2-4-7,osmo-bts-virtual-5f8b9b86fc-mr99w,25,5
1782366427,tc-26-6-2-4-7,osmo-hlr-546bdb8988-dhqsq,1,2
1782366427,tc-26-6-2-4-7,osmo-mgw-8c8fc67d6-twlph,1,2
1782366427,tc-26-6-2-4-7,osmo-mobile-7748f65c9f-97xk2,3,28
1782366427,tc-26-6-2-4-7,osmo-stp-768687f494-9klsx,1,2
1782366427,tc-26-6-2-4-7,ttcn3-tc-26-6-2-4-1-th82t,2,7
1782366427,tc-26-6-2-4-7,virtphy-55bb97df9d-bkzkq,8,1
1782366430,tc-26-6-2-4-7,msc-test-stub-5b875d749d-4zvvb,1,16
1782366430,tc-26-6-2-4-7,osmo-bsc-594654bd47-6cmzn,1,5
1782366430,tc-26-6-2-4-7,osmo-bts-virtual-5f8b9b86fc-mr99w,25,5
1782366430,tc-26-6-2-4-7,osmo-hlr-546bdb8988-dhqsq,1,2
1782366430,tc-26-6-2-4-7,osmo-mgw-8c8fc67d6-twlph,1,2
1782366430,tc-26-6-2-4-7,osmo-mobile-7748f65c9f-97xk2,3,28
1782366430,tc-26-6-2-4-7,osmo-stp-768687f494-9klsx,1,2
1782366430,tc-26-6-2-4-7,virtphy-55bb97df9d-bkzkq,8,1
