namespace,pod,container,restarts,oom_killed,exit_code
gsm-8,msc-test-stub-565d855449-6rxst,msc-test-stub,0,false,
gsm-8,osmo-bsc-594654bd47-2lnzk,osmo-bsc,0,false,
gsm-8,osmo-bts-virtual-56c6794f5c-sgh22,osmo-bts-virtual,0,false,
gsm-8,osmo-hlr-546bdb8988-n89xp,osmo-hlr,0,false,
gsm-8,osmo-mgw-8c8fc67d6-nmnwc,osmo-mgw,0,false,
gsm-8,osmo-mobile-7f88cc47b4-rpm7c,mobile,0,false,
gsm-8,osmo-stp-768687f494-4zgvm,osmo-stp,0,false,
gsm-8,ttcn3-tc-26-8-1-3-3-3-1-tbr9j,ttcn3,0,false,
gsm-8,virtphy-86b4bdf559-vss6r,virtphy,0,false,
